{ 
    "solve_options": {
        "mc_trials": 200,
        "dt": 0.1,
        "buffer_period": 2000,
        "sampling_rate": 100
    },
    "const_model_params": {
        "Delta_E": 0.2,
        "Delta_I": 0.2,
        "eta_0E": 2.0,
        "eta_0I": 1.8,
        "tau_E": 12,
        "tau_I": 15
    },
    "optimised_params" : [
        4.045709504403879e-5,
        0.011957737043259337,
        60.94617069175869,
        19.591141667921,
        0.14791644122236483,
        0.0018389268886680361,
        0.05037903374004605,
        0.5159842562659888,
        0.0006673299998015701,
        0.0035753852987125724,
        11.322744820937794,
        1.0692131970737702,
        0.012406796644420702,
        0.002824257506569673,
        0.001725601151117095,
        0.05912304143378483,
        4.091575982519283,
        26.506421630119604,
        -0.38886535435650804,
        -0.7565620043508139
    ]

}



